CREATE DATABASE baikiemtra;
GO
USE baikiemtra
GO
Create Table NHACUNGCAP
(
    [MaNhaCC] [nvarchar] (8) Not Null,
    [TenNhaCC] [nvarchar] (50) Not Null,
    [DiaChi] [nvarchar] (30) Not Null,
    [SoDT] [varchar] (15) Null,
    [MaSoThue] [nvarchar] (15) Not Null,
    Constraint [PK_NHACUNGCAP] Primary Key Clustered
    (
        [MaNhaCC]  Asc
    )On [Primary]
)
On [Primary]

Go
Create Table LOAIDICHVU
(
    [MaLoaiDV] [nvarchar] (6) Not Null,
    [TenLoaiDV] [nvarchar] (50) Not Null,
    Constraint [PK_LOAIDICHVU] Primary Key Clustered
    (
        [MaLoaiDV] Asc
    ) On [Primary]
)
On [Primary]
Go


Create Table MUCPHI
(
    [MaMP] [nvarchar] (5) Not Null,
    [DonGia] [nvarchar] (7) Not Null,
    [MoTa] [nvarchar] (30) Null
    Constraint [PK_MUCPHI] Primary Key Clustered
    (
        [MaMP] Asc
    ) On [Primary]
)
On [Primary]
Go

Create Table DONGXE
(
    [DongXe] [nvarchar] (15) Not Null,
    [HangXe] [nvarchar] (10) Not Null,
    [SoChoNgoi] int Not Null,
    Constraint [PK_DONGXE] Primary Key Clustered
    (
        [DongXe] Asc
    ) On [Primary]
)
On [Primary]
Go

Create Table DANGKYCUNGCAP
(
    [MaDKCC] [nvarchar] (7) Not Null,
    [MaNhaCC] [nvarchar] (8) Not Null,
    [MaLoaiDV] [nvarchar] (6) Not Null,
    [DongXe] [nvarchar] (15) Not Null,
    [MaMP] [nvarchar] (5) Not Null,
    [NgayBatDauCungCap] [Datetime] Not Null,
    [NgayKetThucCungCap] [Datetime] Not Null,
    [SoLuongXeDangKy] int Null
    Constraint [PK_DANGKYCUNGCAP] Primary Key
    (
        [MaDKCC] Asc
    ) On [Primary]
)
On [Primary]
Go

Alter Table [DANGKYCUNGCAP] With Check Add Constraint [PK_DANGKYCUNGCAP_MaNhaCC] Foreign Key ([MaNhaCC]) References [NHACUNGCAP] ([MaNhaCC])
Go

Alter Table [DANGKYCUNGCAP] With Check Add Constraint [PK_DANGKYCUNGCAP_MaLoaiDV] Foreign Key ([MaLoaiDV]) References [LOAIDICHVU] ([MaLoaiDV])
Go

Alter Table [DANGKYCUNGCAP] With Check Add Constraint [PK_DANGKYCUNGCAP_MaMP] Foreign Key ([MaMP]) References [MUCPHI] ([MaMP])
Go

Alter Table [DANGKYCUNGCAP] With Check Add Constraint [PK_DANGKYCUNGCAP_DongXe] Foreign Key ([DongXe]) References [DongXe] ([DongXe])
Go

Insert Into NHACUNGCAP ([MaNhaCC], [TenNhaCC], [DiaChi], [SoDT], [MaSoThue]) Values ('NCC001', N'Cty TNHH Toàn Phát', 'Hai Chau', '051133999888', '568941')
Insert Into NHACUNGCAP ([MaNhaCC], [TenNhaCC], [DiaChi], [SoDT], [MaSoThue]) Values ('NCC002', N'Cty C? Ph?n ?ông Du', 'Lien Chieu', '051133999889', '456789')
Insert Into NHACUNGCAP ([MaNhaCC], [TenNhaCC], [DiaChi], [SoDT], [MaSoThue]) Values ('NCC003', N'Ông Nguy?n V?n A', 'Hoa Thuan', '051133999890', '321456')
Insert Into NHACUNGCAP ([MaNhaCC], [TenNhaCC], [DiaChi], [SoDT], [MaSoThue]) Values ('NCC004', N'Cty C? Ph?n Toàn C?u Xanh', 'Hai Chau', '05113658945', '513364')
Insert Into NHACUNGCAP ([MaNhaCC], [TenNhaCC], [DiaChi], [SoDT], [MaSoThue]) Values ('NCC005', N'Cty TNHH AMA', 'Thanh Khe', '051103875466', '546546')
Insert Into NHACUNGCAP ([MaNhaCC], [TenNhaCC], [DiaChi], [SoDT], [MaSoThue]) Values ('NCC006', N'Bà Tr?n Th? Bích Vân', 'Lien Chieu', '05113587469', '524545')
Insert Into NHACUNGCAP ([MaNhaCC], [TenNhaCC], [DiaChi], [SoDT], [MaSoThue]) Values ('NCC007', N'Cty TNHH Phan Thành', 'Thanh Khe', '05113987456', '113021')
Insert Into NHACUNGCAP ([MaNhaCC], [TenNhaCC], [DiaChi], [SoDT], [MaSoThue]) Values ('NCC008', N'Ông Phan ?ình Nam', 'Hoa Thuan', '05113532456', '121230')
Insert Into NHACUNGCAP ([MaNhaCC], [TenNhaCC], [DiaChi], [SoDT], [MaSoThue]) Values ('NCC009', N'T?p ?oàn ?ông Nam Á', 'Lien Chieu', '05113987121', '533654')
Insert Into NHACUNGCAP ([MaNhaCC], [TenNhaCC], [DiaChi], [SoDT], [MaSoThue]) Values ('NCC010', N'Cty C? Ph?n R?ng ?ông', 'Lien Chieu', '05113569654', '187864')


Insert Into LOAIDICHVU ([MaLoaiDV], [TenLoaiDV]) Values ('DV01', N'D?ch v? xe taxi')
Insert Into LOAIDICHVU ([MaLoaiDV], [TenLoaiDV]) Values ('DV02', N'D?ch v? xe buýt công c?ng theo tuy?n c? ??nh')
Insert Into LOAIDICHVU ([MaLoaiDV], [TenLoaiDV]) Values ('DV03', N'D?ch v? cho thuê xe theo h?p ??ng')

Insert Into MUCPHI ([MaMP],[DonGia],[MoTa]) Values ('MP01', '10000', N'Áp d?ng t? ngày 1/2015')
Insert Into MUCPHI ([MaMP],[DonGia],[MoTa]) Values ('MP02', '15000', N'Áp d?ng t? ngày 2/2015')
Insert Into MUCPHI ([MaMP],[DonGia],[MoTa]) Values ('MP03', '20000', N'Áp d?ng t? ngày 1/2010')
Insert Into MUCPHI ([MaMP],[DonGia],[MoTa]) Values ('MP04', '25000', N'Áp d?ng t? ngày 2/2011')

Insert Into DONGXE ([DongXe],[HangXe],[SoChoNgoi]) Values ('Hiace', 'Toyota', 16)
Insert Into DONGXE ([DongXe],[HangXe],[SoChoNgoi]) Values ('Vios', 'Toyota', 5)
Insert Into DONGXE ([DongXe],[HangXe],[SoChoNgoi]) Values ('Escape', 'Ford', 5)
Insert Into DONGXE ([DongXe],[HangXe],[SoChoNgoi]) Values ('Cerato', 'KIA', 7)
Insert Into DONGXE ([DongXe],[HangXe],[SoChoNgoi]) Values ('Forte', 'KIA', 5)
Insert Into DONGXE ([DongXe],[HangXe],[SoChoNgoi]) Values ('Starex', 'Huyndai', 7)
Insert Into DONGXE ([DongXe],[HangXe],[SoChoNgoi]) Values ('Grand-i10', 'Huyndai', 7)

Insert Into DANGKYCUNGCAP ([MaDKCC],[MaNhaCC],[MaLoaiDV],[DongXe],[MaMP],[NgayBatDauCungCap],[NgayKetThucCungCap]) Values ('DK001', 'NCC001', 'DV01', 'Hiace', 'MP01', '2015/11/20', '2016/11/20')
Insert Into DANGKYCUNGCAP ([MaDKCC],[MaNhaCC],[MaLoaiDV],[DongXe],[MaMP],[NgayBatDauCungCap],[NgayKetThucCungCap]) Values ('DK002', 'NCC002', 'DV02', 'Vios', 'MP02', '2015/11/20', '2017/11/20')
Insert Into DANGKYCUNGCAP ([MaDKCC],[MaNhaCC],[MaLoaiDV],[DongXe],[MaMP],[NgayBatDauCungCap],[NgayKetThucCungCap]) Values ('DK003', 'NCC003', 'DV03', 'Escape', 'MP03', '2017/11/20', '2018/11/20')
Insert Into DANGKYCUNGCAP ([MaDKCC],[MaNhaCC],[MaLoaiDV],[DongXe],[MaMP],[NgayBatDauCungCap],[NgayKetThucCungCap]) Values ('DK004', 'NCC005', 'DV01', 'Cerato', 'MP04', '2015/11/20', '2019/11/20')
Insert Into DANGKYCUNGCAP ([MaDKCC],[MaNhaCC],[MaLoaiDV],[DongXe],[MaMP],[NgayBatDauCungCap],[NgayKetThucCungCap]) Values ('DK005', 'NCC002', 'DV02', 'Forte', 'MP03', '2019/11/20', '2020/11/20')
Insert Into DANGKYCUNGCAP ([MaDKCC],[MaNhaCC],[MaLoaiDV],[DongXe],[MaMP],[NgayBatDauCungCap],[NgayKetThucCungCap]) Values ('DK006', 'NCC004', 'DV03', 'Starex', 'MP04', '2016/11/10', '2021/11/20')
Insert Into DANGKYCUNGCAP ([MaDKCC],[MaNhaCC],[MaLoaiDV],[DongXe],[MaMP],[NgayBatDauCungCap],[NgayKetThucCungCap]) Values ('DK007', 'NCC005', 'DV01', 'Cerato', 'MP03', '2015/11/30', '2016/01/25')
Insert Into DANGKYCUNGCAP ([MaDKCC],[MaNhaCC],[MaLoaiDV],[DongXe],[MaMP],[NgayBatDauCungCap],[NgayKetThucCungCap]) Values ('DK008', 'NCC006', 'DV01', 'Vios', 'MP02', '2016/02/28', '2016/08/15')
Insert Into DANGKYCUNGCAP ([MaDKCC],[MaNhaCC],[MaLoaiDV],[DongXe],[MaMP],[NgayBatDauCungCap],[NgayKetThucCungCap]) Values ('DK009', 'NCC005', 'DV03', 'Grand-i10', 'MP02', '2016/04/27', '2017/04/30')
Insert Into DANGKYCUNGCAP ([MaDKCC],[MaNhaCC],[MaLoaiDV],[DongXe],[MaMP],[NgayBatDauCungCap],[NgayKetThucCungCap]) Values ('DK010', 'NCC006', 'DV01', 'Forte', 'MP02', '2016/11/21', '2016/02/22')
Insert Into DANGKYCUNGCAP ([MaDKCC],[MaNhaCC],[MaLoaiDV],[DongXe],[MaMP],[NgayBatDauCungCap],[NgayKetThucCungCap]) Values ('DK011', 'NCC007', 'DV01', 'Forte', 'MP01', '2016/12/25', '2017/02/20')
Insert Into DANGKYCUNGCAP ([MaDKCC],[MaNhaCC],[MaLoaiDV],[DongXe],[MaMP],[NgayBatDauCungCap],[NgayKetThucCungCap]) Values ('DK012', 'NCC007', 'DV03', 'Cerato', 'MP01', '2016/04/14', '2017/12/20')
Insert Into DANGKYCUNGCAP ([MaDKCC],[MaNhaCC],[MaLoaiDV],[DongXe],[MaMP],[NgayBatDauCungCap],[NgayKetThucCungCap]) Values ('DK013', 'NCC003', 'DV02', 'Cerato', 'MP01', '2015/12/21', '2016/12/21')
Insert Into DANGKYCUNGCAP ([MaDKCC],[MaNhaCC],[MaLoaiDV],[DongXe],[MaMP],[NgayBatDauCungCap],[NgayKetThucCungCap]) Values ('DK014', 'NCC008', 'DV02', 'Cerato', 'MP01', '2016/05/20', '2016/12/30')
Insert Into DANGKYCUNGCAP ([MaDKCC],[MaNhaCC],[MaLoaiDV],[DongXe],[MaMP],[NgayBatDauCungCap],[NgayKetThucCungCap]) Values ('DK015', 'NCC003', 'DV01', 'Hiace', 'MP02', '2018/04/24', '2019/11/20')
Insert Into DANGKYCUNGCAP ([MaDKCC],[MaNhaCC],[MaLoaiDV],[DongXe],[MaMP],[NgayBatDauCungCap],[NgayKetThucCungCap]) Values ('DK016', 'NCC001', 'DV03', 'Grand-i10', 'MP02', '2016/06/22', '2016/12/21')
Insert Into DANGKYCUNGCAP ([MaDKCC],[MaNhaCC],[MaLoaiDV],[DongXe],[MaMP],[NgayBatDauCungCap],[NgayKetThucCungCap]) Values ('DK017', 'NCC002', 'DV03', 'Cerato', 'MP03', '2016/09/30', '2019/09/30')
Insert Into DANGKYCUNGCAP ([MaDKCC],[MaNhaCC],[MaLoaiDV],[DongXe],[MaMP],[NgayBatDauCungCap],[NgayKetThucCungCap]) Values ('DK018', 'NCC008', 'DV03', 'Espace', 'MP04', '2017/12/13', '2018/09/30')
Insert Into DANGKYCUNGCAP ([MaDKCC],[MaNhaCC],[MaLoaiDV],[DongXe],[MaMP],[NgayBatDauCungCap],[NgayKetThucCungCap]) Values ('DK019', 'NCC003', 'DV03', 'Espace', 'MP03', '2016/01/24', '2016/12/30')
Insert Into DANGKYCUNGCAP ([MaDKCC],[MaNhaCC],[MaLoaiDV],[DongXe],[MaMP],[NgayBatDauCungCap],[NgayKetThucCungCap]) Values ('DK020', 'NCC002', 'DV03', 'Cerato', 'MP04', '2016/05/03', '2017/10/21')
Insert Into DANGKYCUNGCAP ([MaDKCC],[MaNhaCC],[MaLoaiDV],[DongXe],[MaMP],[NgayBatDauCungCap],[NgayKetThucCungCap]) Values ('DK021', 'NCC006', 'DV01', 'Forte', 'MP02', '2015/01/30', '2016/12/30')
Insert Into DANGKYCUNGCAP ([MaDKCC],[MaNhaCC],[MaLoaiDV],[DongXe],[MaMP],[NgayBatDauCungCap],[NgayKetThucCungCap]) Values ('DK022', 'NCC002', 'DV02', 'Cerato', 'MP04', '2016/07/25', '2017/12/30')
Insert Into DANGKYCUNGCAP ([MaDKCC],[MaNhaCC],[MaLoaiDV],[DongXe],[MaMP],[NgayBatDauCungCap],[NgayKetThucCungCap]) Values ('DK023', 'NCC002', 'DV01', 'Forte', 'MP03', '2017/11/30', '2018/05/20')
Insert Into DANGKYCUNGCAP ([MaDKCC],[MaNhaCC],[MaLoaiDV],[DongXe],[MaMP],[NgayBatDauCungCap],[NgayKetThucCungCap]) Values ('DK024', 'NCC003', 'DV03', 'Forte', 'MP04', '2017/12/23', '2019/11/30')
Insert Into DANGKYCUNGCAP ([MaDKCC],[MaNhaCC],[MaLoaiDV],[DongXe],[MaMP],[NgayBatDauCungCap],[NgayKetThucCungCap]) Values ('DK025', 'NCC003', 'DV03', 'Hiace', 'MP02', '2016/08/24', '2017/10/25')


--bai lam
--Li?t kê nh?ng dòng xe có s? ch? ng?i trên 5 ch?
SELECT * FROM dbo.DONGXE
WHERE SoChoNgoi>5
--nha cung cap
SELECT * FROM dbo.DANGKYCUNGCAP
SELECT * FROM dbo.MUCPHI

SELECT NCC.MaNhaCC, NCC.TenNhaCC
FROM NHACUNGCAP NCC JOIN DANGKYCUNGCAP DK
ON NCC.MaNhaCC = DK.MaNhaCC
JOIN MUCPHI MP
ON MP.MaMp = DK.MaMp
JOIN DONGXE DX
ON DX.DongXe = DK.DongXe
WHERE (DX.HangXe = 'Toyota' and MP.DonGia = 15000) or (DX.HangXe = 'KIA' and MP.DonGia = 20000)

--Li?t kê thông tin toàn b? nhà cung c?p ???c s?p x?p t?ng d?n theo tên nhà cung c?p và gi?m d?n theo mã s? thu?
SELECT *
FROM NHACUNGCAP NCC
ORDER BY NCC.TenNhaCC DESC, NCC.MaSoThue ASC
--nha cung cap
SELECT * FROM dbo.NHACUNGCAP
SELECT * FROM dbo.DANGKYCUNGCAP

SELECT tennhacc, ngaybatdaucungcap
FROM dbo.NHACUNGCAP ncc JOIN dbo.DANGKYCUNGCAP dk
ON dk.MaNhaCC = ncc.MaNhaCC
WHERE dk.NgayBatDauCungCap='2015/11/20'


--Li?t kê tên c?a toàn b? các hãng xe có trong c? s? d? li?u v?i yêu c?u m?i hãng xe ch? ???c li?t kê m?t l?n
SELECT DISTINCT HangXe FROM dbo.DONGXE

--Li?t kê thông tin c?a các nhà cung c?p ?ã t?ng ??ng ký cung c?p ph??ng ti?n thu?c dòng xe “Hiace” ho?c t?ng ??ng ký cung c?p ph??ng ti?n thu?c dòng xe “Cerato”
SELECT * FROM dbo.NHACUNGCAP
SELECT * FROM dbo.DONGXE
SELECT * FROM dbo.DANGKYCUNGCAP

SELECT tennhacc ,  dkcc.DongXe
FROM dbo.NHACUNGCAP ncc JOIN dbo.DANGKYCUNGCAP dkcc
ON dkcc.MaNhaCC = ncc.MaNhaCC
JOIN dbo.DONGXE dx
ON dx.DongXe = dkcc.DongXe
WHERE dkcc.DongXe ='Hiace' OR dkcc.DongXe='Cerato'

--Li?t kê thông tin c?a các nhà cung c?p ch?a t?ng th?c hi?n ??ng ký cung c?p ph??ng ti?n l?n nào c?.
SELECT * FROM dbo.DANGKYCUNGCAP
SELECT * FROM dbo.NHACUNGCAP
SELECT * FROM dbo.LOAIDICHVU
SELECT NCC.MaNhaCC, NCC.TenNhaCC
FROM NHACUNGCAP NCC 
WHERE not exists(
SELECT *
FROM DANGKYCUNGCAP DK
WHERE NCC.MaNhaCC = DK.MaNhaCC)